{
  "model": "lightgbm",
  "threshold": 0.35,
  "valid_best_f1": 0.528,
  "test": {
    "n": 891,
    "positive_rate": 0.17957351290684623,
    "auroc": 0.7894579343365253,
    "auprc": 0.454008751328151,
    "f1": 0.5222551928783383,
    "precision": 0.4971751412429379,
    "recall": 0.55,
    "confusion_matrix": {
      "tn": 642,
      "fp": 89,
      "fn": 72,
      "tp": 88
    }
  },
  "feature_version": "v3",
  "features": {
    "n_features": 313,
    "train_n": 7193,
    "valid_n": 878,
    "test_n": 891
  }
}