{
  "model": "logistic",
  "threshold": 0.43000000000000005,
  "valid_best_f1": 0.5224171539961013,
  "test": {
    "n": 891,
    "positive_rate": 0.17957351290684623,
    "auroc": 0.7550359097127223,
    "auprc": 0.4118477024601563,
    "f1": 0.46311475409836067,
    "precision": 0.3445121951219512,
    "recall": 0.70625,
    "confusion_matrix": {
      "tn": 516,
      "fp": 215,
      "fn": 47,
      "tp": 113
    }
  },
  "feature_version": "v3",
  "features": {
    "n_features": 313,
    "train_n": 7193,
    "valid_n": 878,
    "test_n": 891
  }
}