{
  "model": "logistic",
  "threshold": 0.5,
  "valid_best_f1": 0.5122950819672131,
  "test": {
    "n": 891,
    "positive_rate": 0.17957351290684623,
    "auroc": 0.7393980848153215,
    "auprc": 0.3843273605140034,
    "f1": 0.43383947939262474,
    "precision": 0.33222591362126247,
    "recall": 0.625,
    "confusion_matrix": {
      "tn": 530,
      "fp": 201,
      "fn": 60,
      "tp": 100
    }
  },
  "feature_version": "compact",
  "features": {
    "n_features": 157,
    "train_n": 7194,
    "valid_n": 878,
    "test_n": 891
  }
}