{
  "model": "tabnet",
  "threshold": 0.47,
  "valid_best_f1": 0.5131313131313131,
  "test": {
    "n": 891,
    "positive_rate": 0.17957351290684623,
    "auroc": 0.723687585499316,
    "auprc": 0.382389588968605,
    "f1": 0.44025157232704404,
    "precision": 0.3312302839116719,
    "recall": 0.65625,
    "confusion_matrix": {
      "tn": 519,
      "fp": 212,
      "fn": 55,
      "tp": 105
    }
  },
  "feature_version": "v3",
  "features": {
    "n_features": 313,
    "train_n": 7193,
    "valid_n": 878,
    "test_n": 891
  }
}